<?xml version="1.0" encoding="UTF-8"?>
<beans xmlns="http://www.springframework.org/schema/beans"
       xmlns:xsi="http://www.w3.org/2001/XMLSchema-instance"
       xsi:schemaLocation="http://www.springframework.org/schema/beans
            http://www.springframework.org/schema/beans/spring-beans-4.0.xsd">
    
<!-- MySQl bean -->
<!-- <bean id="dataSource" class="org.apache.commons.dbcp2.BasicDataSource">
         <property name="driverClassName" value="com.mysql.jdbc.Driver"/>
         <property name="url" value="jdbc:mysql://localhost/company?useSSL=false"/>
         <property name="username" value="root"/>
         <property name="password" value="root"/>
      </bean> -->


<!-- HSQLDB bean -->
    <bean id="dataSource" class="org.apache.commons.dbcp2.BasicDataSource">
       <property name="driverClassName" value="org.hsqldb.jdbcDriver" />
       <property name="url" value="jdbc:hsqldb:hsql://localhost/cpsc476;create=true"/>
       <property name="username" value="SA"/>
       <property name="password" value="Passw0rd"/>
    </bean>
   
    
   <bean id="JdbcTemplate" class="org.springframework.jdbc.core.JdbcTemplate">
        <property name="dataSource" ref="dataSource" />
   </bean>
       
    
</beans>
